index,style,density,laneSeparator,ambientVisibility,file,size_bytes
1,dusky,compact,off,auto,01-style_dusky-density_compact-sep_off-ambient_auto.png,608070
2,dusky,compact,off,always,02-style_dusky-density_compact-sep_off-ambient_always.png,608218
3,dusky,compact,off,hidden,03-style_dusky-density_compact-sep_off-ambient_hidden.png,601207
4,dusky,compact,subtle,auto,04-style_dusky-density_compact-sep_subtle-ambient_auto.png,605682
5,dusky,compact,subtle,always,05-style_dusky-density_compact-sep_subtle-ambient_always.png,605643
6,dusky,compact,subtle,hidden,06-style_dusky-density_compact-sep_subtle-ambient_hidden.png,598977
7,dusky,compact,strong,auto,07-style_dusky-density_compact-sep_strong-ambient_auto.png,605698
8,dusky,compact,strong,always,08-style_dusky-density_compact-sep_strong-ambient_always.png,605580
9,dusky,compact,strong,hidden,09-style_dusky-density_compact-sep_strong-ambient_hidden.png,598204
10,dusky,default,off,auto,10-style_dusky-density_default-sep_off-ambient_auto.png,604834
11,dusky,default,off,always,11-style_dusky-density_default-sep_off-ambient_always.png,604741
12,dusky,default,off,hidden,12-style_dusky-density_default-sep_off-ambient_hidden.png,598932
13,dusky,default,subtle,auto,13-style_dusky-density_default-sep_subtle-ambient_auto.png,605263
14,dusky,default,subtle,always,14-style_dusky-density_default-sep_subtle-ambient_always.png,605214
15,dusky,default,subtle,hidden,15-style_dusky-density_default-sep_subtle-ambient_hidden.png,598915
16,dusky,default,strong,auto,16-style_dusky-density_default-sep_strong-ambient_auto.png,605235
17,dusky,default,strong,always,17-style_dusky-density_default-sep_strong-ambient_always.png,605179
18,dusky,default,strong,hidden,18-style_dusky-density_default-sep_strong-ambient_hidden.png,598917
19,dusky,airy,off,auto,19-style_dusky-density_airy-sep_off-ambient_auto.png,605478
20,dusky,airy,off,always,20-style_dusky-density_airy-sep_off-ambient_always.png,605448
21,dusky,airy,off,hidden,21-style_dusky-density_airy-sep_off-ambient_hidden.png,599056
22,dusky,airy,subtle,auto,22-style_dusky-density_airy-sep_subtle-ambient_auto.png,605451
23,dusky,airy,subtle,always,23-style_dusky-density_airy-sep_subtle-ambient_always.png,605492
24,dusky,airy,subtle,hidden,24-style_dusky-density_airy-sep_subtle-ambient_hidden.png,586344
25,dusky,airy,strong,auto,25-style_dusky-density_airy-sep_strong-ambient_auto.png,347895
26,dusky,airy,strong,always,26-style_dusky-density_airy-sep_strong-ambient_always.png,347894
27,dusky,airy,strong,hidden,27-style_dusky-density_airy-sep_strong-ambient_hidden.png,341993
28,clean,compact,off,auto,28-style_clean-density_compact-sep_off-ambient_auto.png,347551
29,clean,compact,off,always,29-style_clean-density_compact-sep_off-ambient_always.png,968499
30,clean,compact,off,hidden,30-style_clean-density_compact-sep_off-ambient_hidden.png,962909
31,clean,compact,subtle,auto,31-style_clean-density_compact-sep_subtle-ambient_auto.png,1066316
32,clean,compact,subtle,always,32-style_clean-density_compact-sep_subtle-ambient_always.png,605259
33,clean,compact,subtle,hidden,33-style_clean-density_compact-sep_subtle-ambient_hidden.png,598766
34,clean,compact,strong,auto,34-style_clean-density_compact-sep_strong-ambient_auto.png,842990
35,clean,compact,strong,always,35-style_clean-density_compact-sep_strong-ambient_always.png,434232
36,clean,compact,strong,hidden,36-style_clean-density_compact-sep_strong-ambient_hidden.png,428077
37,clean,default,off,auto,37-style_clean-density_default-sep_off-ambient_auto.png,434473
38,clean,default,off,always,38-style_clean-density_default-sep_off-ambient_always.png,460862
39,clean,default,off,hidden,39-style_clean-density_default-sep_off-ambient_hidden.png,458116
40,clean,default,subtle,auto,40-style_clean-density_default-sep_subtle-ambient_auto.png,464096
41,clean,default,subtle,always,41-style_clean-density_default-sep_subtle-ambient_always.png,464098
42,clean,default,subtle,hidden,42-style_clean-density_default-sep_subtle-ambient_hidden.png,458499
43,clean,default,strong,auto,43-style_clean-density_default-sep_strong-ambient_auto.png,464763
44,clean,default,strong,always,44-style_clean-density_default-sep_strong-ambient_always.png,464873
45,clean,default,strong,hidden,45-style_clean-density_default-sep_strong-ambient_hidden.png,430656
46,clean,airy,off,auto,46-style_clean-density_airy-sep_off-ambient_auto.png,437078
47,clean,airy,off,always,47-style_clean-density_airy-sep_off-ambient_always.png,437080
48,clean,airy,off,hidden,48-style_clean-density_airy-sep_off-ambient_hidden.png,434241
49,clean,airy,subtle,auto,49-style_clean-density_airy-sep_subtle-ambient_auto.png,440292
50,clean,airy,subtle,always,50-style_clean-density_airy-sep_subtle-ambient_always.png,440113
51,clean,airy,subtle,hidden,51-style_clean-density_airy-sep_subtle-ambient_hidden.png,430308
52,clean,airy,strong,auto,52-style_clean-density_airy-sep_strong-ambient_auto.png,439076
53,clean,airy,strong,always,53-style_clean-density_airy-sep_strong-ambient_always.png,439077
54,clean,airy,strong,hidden,54-style_clean-density_airy-sep_strong-ambient_hidden.png,432610
55,glass,compact,off,auto,55-style_glass-density_compact-sep_off-ambient_auto.png,490289
56,glass,compact,off,always,56-style_glass-density_compact-sep_off-ambient_always.png,489157
57,glass,compact,off,hidden,57-style_glass-density_compact-sep_off-ambient_hidden.png,481372
58,glass,compact,subtle,auto,58-style_glass-density_compact-sep_subtle-ambient_auto.png,489345
59,glass,compact,subtle,always,59-style_glass-density_compact-sep_subtle-ambient_always.png,488652
60,glass,compact,subtle,hidden,60-style_glass-density_compact-sep_subtle-ambient_hidden.png,480352
61,glass,compact,strong,auto,61-style_glass-density_compact-sep_strong-ambient_auto.png,490712
62,glass,compact,strong,always,62-style_glass-density_compact-sep_strong-ambient_always.png,491179
63,glass,compact,strong,hidden,63-style_glass-density_compact-sep_strong-ambient_hidden.png,432749
64,glass,default,off,auto,64-style_glass-density_default-sep_off-ambient_auto.png,439214
65,glass,default,off,always,65-style_glass-density_default-sep_off-ambient_always.png,439217
66,glass,default,off,hidden,66-style_glass-density_default-sep_off-ambient_hidden.png,432606
67,glass,default,subtle,auto,67-style_glass-density_default-sep_subtle-ambient_auto.png,490002
68,glass,default,subtle,always,68-style_glass-density_default-sep_subtle-ambient_always.png,490204
69,glass,default,subtle,hidden,69-style_glass-density_default-sep_subtle-ambient_hidden.png,482398
70,glass,default,strong,auto,70-style_glass-density_default-sep_strong-ambient_auto.png,486245
71,glass,default,strong,always,71-style_glass-density_default-sep_strong-ambient_always.png,491210
72,glass,default,strong,hidden,72-style_glass-density_default-sep_strong-ambient_hidden.png,482684
73,glass,airy,off,auto,73-style_glass-density_airy-sep_off-ambient_auto.png,488790
74,glass,airy,off,always,74-style_glass-density_airy-sep_off-ambient_always.png,490175
75,glass,airy,off,hidden,75-style_glass-density_airy-sep_off-ambient_hidden.png,482928
76,glass,airy,subtle,auto,76-style_glass-density_airy-sep_subtle-ambient_auto.png,484739
77,glass,airy,subtle,always,77-style_glass-density_airy-sep_subtle-ambient_always.png,439040
78,glass,airy,subtle,hidden,78-style_glass-density_airy-sep_subtle-ambient_hidden.png,432971
79,glass,airy,strong,auto,79-style_glass-density_airy-sep_strong-ambient_auto.png,439087
80,glass,airy,strong,always,80-style_glass-density_airy-sep_strong-ambient_always.png,440005
81,glass,airy,strong,hidden,81-style_glass-density_airy-sep_strong-ambient_hidden.png,433228
